Post Title,Comment,Label
Alibaba releases AI model it says surpasses DeepSeek,The news surrounding AI in the last 24 hours has been nothing but hilarious.,
"ChatGPT‚Äôs mobile users are 85% male, report says","Dang. I thought I was 100% male. Learn something every day, I guess",
"Chinese firms ‚Äòdistilling‚Äô US AI models to create rival products, warns OpenAI","I think this is payback for the TikTok ban and maybe the crippling of huawei. The timeline is too perfectly lined up. Just when TikTok closes it doors deepseek appears. Can‚Äôt help, but to laugh about the irony tho.",
"ChatGPT‚Äôs mobile users are 85% male, report says",I'd put it the other way around actually.,
Trump‚Äôs new head of DOT rips up US fuel efficiency regulations | Secretary Duffy claims polluting more will make cars cheaper.,"It's an old Russian political trick. Hire a grossly incompetent person into role X, and they will always do what you tell them because you both know they are replacable. It encourages personal loyalty but completely disregards competence. 

The real problem is that most states - particularly industrial states - have environmental regulations and on the ground rules and such, so even if you remove federal regulation Car companies that want to sell into California, Texas, New York need to hit a common standard, so you build to whatever the most stringent regulation is because you're spending billions or tens of billions in engineering and manufacturing development costs.

So Donald Trump can shit on every federal regulation and is still fucked by the fact that 50 states have a potpourri of regulations and suddenly it's a population over law problem, New York, California, Florida, Texas, Illinois and Ohio laws dominate the conversation and only two of them are entirely on board with the stupidity.",
Trump‚Äôs new head of DOT rips up US fuel efficiency regulations | Secretary Duffy claims polluting more will make cars cheaper.,We are already behind the CEO of Ford daily driver for 6 months was a Chinese electric car that he said he did not want to give up.,
Trump‚Äôs new head of DOT rips up US fuel efficiency regulations | Secretary Duffy claims polluting more will make cars cheaper.,Thankfully Kid Rock knew he wasn't qualified when Trump asked for his thoughts on handling ISIS and North Korea.,
Trump‚Äôs new head of DOT rips up US fuel efficiency regulations | Secretary Duffy claims polluting more will make cars cheaper.,The solution to pollution is delusion.¬†,
Logitech‚Äôs peel-and-stick radar sensors could let companies invisibly monitor their offices,What companies say to the public and what they tell clients are often two very different things.,
Alibaba releases AI model it says surpasses DeepSeek,Open ai just kinda lets me lie to it whilst meta and deepseek wouldn't so there's that,
"ChatGPT‚Äôs mobile users are 85% male, report says","Nope, their youteruses would snap in half, sorry.",
Trump‚Äôs new head of DOT rips up US fuel efficiency regulations | Secretary Duffy claims polluting more will make cars cheaper.,"thinking too small.

why would gm/ford/chevy make like 4 versions of the same vehicle.

still have to export to everywhere else in the world that has as strict emission standards.",
AI haters build tarpits to trap and trick AI scrapers that ignore robots.txt | Attackers explain how an anti-spam defense became an AI weapon,"Some of the more interesting highlights:

>Shortly after he noticed Facebook's crawler exceeding 30 million hits on his site, Aaron began plotting a new kind of attack on crawlers ""clobbering"" websites that he told Ars he hoped would give ""teeth"" to robots.txt.
>
>Building on an anti-spam cybersecurity tactic known as tarpitting, he created Nepenthes, malicious software named after a carnivorous plant that will ""eat just about anything that finds its way inside.""
>
>Aaron clearly warns users that Nepenthes is aggressive malware. It's not to be deployed by site owners uncomfortable with trapping AI crawlers and sending them down an ""infinite maze"" of static files with no exit links, where they ""get stuck"" and ""thrash around"" for months, he tells users. Once trapped, the crawlers can be fed gibberish data, aka Markov babble, which is designed to poison AI models. That's likely an appealing bonus feature for any site owners who, like Aaron, are fed up with paying for AI scraping and just want to watch AI burn.
>
>Tarpits were originally designed to waste spammers' time and resources, but creators like Aaron have now evolved the tactic into an anti-AI weapon. As of this writing, Aaron confirmed that Nepenthes can effectively trap all the major web crawlers. So far, only OpenAI's crawler has managed to escape.
>
>...
>
>""We‚Äôre aware of efforts to disrupt AI web crawlers,"" OpenAI's spokesperson said. ""We design our systems to be resilient while respecting robots.txt and standard web practices.""
>
>But to Aaron, the fight is not about winning. Instead, it's about resisting the AI industry further decaying the Internet with tech that no one asked for, like chatbots that replace customer service agents or the rise of inaccurate AI search summaries. By releasing Nepenthes, he hopes to do as much damage as possible, perhaps spiking companies' AI training costs, dragging out training efforts, or even accelerating model collapse, with tarpits helping to delay the next wave of enshittification.
>
>...
>
>It's hard to tell how widely Nepenthes has been deployed. Site owners are discouraged from flagging when the malware has been deployed, forcing crawlers to face unknown ""consequences"" if they ignore robots.txt instructions.
>
>...
>
>Already blocking scraping and attempting to poison AI models through a simpler method, Nagy took his defense method further and created his own tarpit, Iocaine. He told Ars the tarpit immediately killed off about 94 percent of bot traffic to his site, which was primarily from AI crawlers. Soon, social media discussion drove users to inquire about Iocaine deployment, including not just individuals but also organizations wanting to take stronger steps to block scraping.
>
>Iocaine takes ideas (not code) from Nepenthes, but it's more intent on using the tarpit to poison AI models. Nagy used a reverse proxy to trap crawlers in an ""infinite maze of garbage"" in an attempt to slowly poison their data collection as much as possible for daring to ignore robots.txt.
>
>...
>
>""Any time one of these crawlers pulls from my tarpit, it's resources they've consumed and will have to pay hard cash for, but, being bullshit, the money [they] have spent to get it won't be paid back by revenue,"" Aaron posted, explaining his tactic online. ""It effectively raises their costs. And seeing how none of them have turned a profit yet, that's a big problem for them. The investor money will not continue forever without the investors getting paid.""
>
>...
>
>To Geuter, a computer scientist who has been writing about the social, political, and structural impact of tech for two decades, AI is the ""most aggressive"" example of ""technologies that are not done 'for us' but 'to us.'""
>
>""It feels a bit like the social contract that society and the tech sector/engineering have had (you build useful things, and we're OK with you being well-off) has been canceled from one side,"" Geuter said. ""And that side now wants to have its toy eat the world. People feel threatened and want the threats to stop.""
>
>As AI evolves, so do attacks, with one 2021 study showing that increasingly stronger data poisoning attacks, for example, were able to break data sanitization defenses. Whether these attacks can ever do meaningful destruction or not, Geuter sees tarpits as a ""powerful symbol"" of the resistance that Aaron and Nagy readily joined.
>
>""It's a great sign to see that people are challenging the notion that we all have to do AI now,"" Geuter said. ""Because we don't. It's a choice. A choice that mostly benefits monopolists.""

It was pretty interesting to read about these efforts to resist scraping by various companies and ignoring the robots.txt files in place. If widespread, then this would indicate that the social agreement to respect these files by webcrawlers is no longer effective, and that unfortunately more stringent measures might be required.",
Alibaba releases AI model it says surpasses DeepSeek,"They don‚Äôt make less because of tariffs, their customers pay more",
Trump‚Äôs new head of DOT rips up US fuel efficiency regulations | Secretary Duffy claims polluting more will make cars cheaper.,Remind me what's economically optimal about encouraging fuel waste?,
Trump‚Äôs new head of DOT rips up US fuel efficiency regulations | Secretary Duffy claims polluting more will make cars cheaper.,"Good, I'm tired of overbuilt and overengineered monstrosities that can't be repaired without propietary/dealer shenanigans that cost more, last less, and likely increase environmental costs because of the fixation on measuring the tail pipe and not the entire supply chain. Remember little, cheap 4 banger pickups or sedans that could be worked on at home that weren't that bad on gas and last decades with basic maintenence? Pepperidge farm remembers. To be clear, I am pro electric. I just don't think the costs in modern ICE vehicles with all the modern features/electronics to shave off a few MPG and help you parallel park or self drive, for example, are justified with so much being imported from overseas using container ships that burn bunker fuel while being produced in areas with zero environmental regulations that look like a dirty, smog filled hellscapes.",
OpenAI Furious DeepSeek Might Have Stolen All the Data OpenAI Stole From Us,Hey as long as no one else steals!,
Trump‚Äôs new head of DOT rips up US fuel efficiency regulations | Secretary Duffy claims polluting more will make cars cheaper.,"She was an asshole to Pedro from the beginning, no surprise she's a dipshit MAGA cult member.",
Trump‚Äôs new head of DOT rips up US fuel efficiency regulations | Secretary Duffy claims polluting more will make cars cheaper.,"This is probably why he hates them.
https://www.bbc.com/news/uk-scotland-north-east-orkney-shetland-47400641
Trump argued that the wind farm would ruin the view from his golf course.",
Researchers detect all building blocks of DNA and RNA in samples returned from asteroid Bennu,Does god preach abstinence because he thinks we also cum asteroids?,
"ChatGPT‚Äôs mobile users are 85% male, report says","unironically? a discord server, a reddit community, etc. if you mean something in person, try your local library, or save up to move out.",
Trump‚Äôs new head of DOT rips up US fuel efficiency regulations | Secretary Duffy claims polluting more will make cars cheaper.,"They won't. California has a carve out to set their own emissions rules and automakers won't want to lose that market domestically so this is just more circle jerking that will have the cultists hugging extra tightly their deluxe edition Trumpy Bears.¬†¬†


This is like trying to force the use of coal, the market has already moved on.¬†¬†",
Alibaba releases AI model it says surpasses DeepSeek,We just want to watch the world burn!,
Trump‚Äôs new head of DOT rips up US fuel efficiency regulations | Secretary Duffy claims polluting more will make cars cheaper.,"It might mean that cheaper vehicles that these companies already make and sell might make their way to the U.S. As one example Toyota is coming out with a [$10,000 truck](https://www.motortrend.com/reviews/2025-toyota-imv-0-pickup-truck-first-drive-review-japan-mobility-show/) that wasn't going to be available in the U.S. due to emissions standards.",
"Chinese firms ‚Äòdistilling‚Äô US AI models to create rival products, warns OpenAI","Business that's threatened by another business feed mongering.


The icing on the cake is open Ai stole everyone else's work and words to make a profit and now they are big mad that China just did the same to them LMAO.",
"ChatGPT‚Äôs mobile users are 85% male, report says","These models have greatly been in the works for years and years, there are incremental upgrades but the models are simply doing what they do better. They are not fundamental expanding outside of patern recognition. 

Do you know how AI, or more appropriately, ML work today and what training a model actually means?",
Trump‚Äôs new head of DOT rips up US fuel efficiency regulations | Secretary Duffy claims polluting more will make cars cheaper.,"FORWARD TO THE PAST!!!

PLEASE BRING ME MY CHRYSLER LEBEHEMOTH",
OpenAI Claims DeepSeek Plagiarized. Its Plagiarism Machine.,"And people don't care. It is free. 

*playing the tiniest violin possible*",
Alibaba releases AI model it says surpasses DeepSeek,At this point whatever is at the top of Google search pages is the wish AI.,
OpenAI Claims DeepSeek Plagiarized. Its Plagiarism Machine.,Can't wait for someone to train their AI model by asking an AI model questions,
Trump‚Äôs new head of DOT rips up US fuel efficiency regulations | Secretary Duffy claims polluting more will make cars cheaper.,"Yeah, but then the sea rises and fucks everything on the coast and costs more in damage than you'd ever save with 'cheaper' cars.",
Alibaba releases AI model it says surpasses DeepSeek,"for an incredibly long time, China had no need for high end innovation, since you can just buy the finished goods from US and save yourself the R&D costs. and many top Chinese students went to study and work in the US.

now that these Chinese students are banned in US and the products are banned from sale. these top Chinese students started working for Chinese companies and were forced to innovate.

this was a tech war created by the US and the chicken are coming home to roost.",
AT&T CEO warns more DeepSeek shocks will hit U.S. tech markets,It‚Äôs amazing how these people are CEOs yet clueless stating the obvious just for the sake of opening their mouths to sound important and relevant.,
Trump‚Äôs new head of DOT rips up US fuel efficiency regulations | Secretary Duffy claims polluting more will make cars cheaper.,This what the majority of uneducated americans voted forü§∑üèæ‚Äç‚ôÇÔ∏è,
Trump‚Äôs new head of DOT rips up US fuel efficiency regulations | Secretary Duffy claims polluting more will make cars cheaper.,"He is. Generally speaking: If US products are no longer fit for the global market, smaller production numbers inevitably lead to higher prices. (Example: Cybertruck will never be allowed to be broadly legal in Europe because it's just too perfectly designed to kill pedestrians.)

Also disincentivizes innovation ‚Äì making the industry less competitive over time. And then once the next administration reinstates these common sense regulations... the industry will have fallen behind.

UNLESS of course the industry chooses to ignore this change in order to not fall behind. But then... no car gets cheaper *either*.

This will have a very temporary effect on prices at best‚Äì not a sustainable one. It's ~~smoke~~ exhaust fumes and mirrors.",
"ChatGPT‚Äôs mobile users are 85% male, report says","You can‚Äôt go down from zero, man",
Trump‚Äôs new head of DOT rips up US fuel efficiency regulations | Secretary Duffy claims polluting more will make cars cheaper.,There are powerful people who only get richer when we're burning as much gasoline as we possibly can.  They own private islands with the cleanest air you've ever breathed (but never will).,
OpenAI Claims DeepSeek Plagiarized. Its Plagiarism Machine.,"It's the same with social media, they had to ban tick tock specifically because if they just made a privacy law it had to follow so would faceplate and the nazi one",
"ChatGPT‚Äôs mobile users are 85% male, report says","It‚Äôs 2025, we don‚Äôt put up with taking other people‚Äôs statements out of context in bad faith anymore",
"ChatGPT‚Äôs mobile users are 85% male, report says",The key word is ‚Äútoday‚Äù,
OpenAI Claims DeepSeek Plagiarized. Its Plagiarism Machine.,Its what China has done day one. Don't waste time and money on R&D. Spend money on surveillance and cyber espionage. That way you can just steal the things that work and not worry with the ones that don't .,
Alibaba releases AI model it says surpasses DeepSeek,I was saying people were saying it was equivalent and such but I was more referring to the Massive down hit NVIDIA took on what should be bullish news.,
Trump‚Äôs new head of DOT rips up US fuel efficiency regulations | Secretary Duffy claims polluting more will make cars cheaper.,He's such a petty child.,
OpenAI Furious DeepSeek Might Have Stolen All the Data OpenAI Stole From Us,Pffft AI companies don't pay for data they pay for processing.,
"Chinese firms ‚Äòdistilling‚Äô US AI models to create rival products, warns OpenAI","I mean they stole everyone's data without asking as well, didn't they? I think we need better regulation and transparency.",
AT&T CEO warns more DeepSeek shocks will hit U.S. tech markets,"AT&T knows about money. They took billions from the feds to get broadband to rural communities and installed almost none of it.   

ROI is insane when you invest zero.",
Trump‚Äôs new head of DOT rips up US fuel efficiency regulations | Secretary Duffy claims polluting more will make cars cheaper.,Right‚Ä¶?,
Alibaba releases AI model it says surpasses DeepSeek,"US AI companies: ""This is getting out of hand, now there are two of them!""",
Headed for technofascism‚Äô: the rightwing roots of Silicon Valley,"Most of them come from well off families that have been so for generations, they sound like aliens because they're completely alienated from reality and their fellow humans.",
"ChatGPT‚Äôs mobile users are 85% male, report says",When will chatGPT open their stats on how many requests are porn-related?,
Trump‚Äôs new head of DOT rips up US fuel efficiency regulations | Secretary Duffy claims polluting more will make cars cheaper.,Working with a FIRST team?,
"Vatican says AI has 'shadow of evil,' calls for close oversight",Electricity is devil. This energy should have been banned 100s years ago,
Alibaba releases AI model it says surpasses DeepSeek,"The economy is held together with tech stocks at this point. The only reason 2022 didn't trigger a recession was because of AI. When recession hits and when it's too expensive to buy bread, then you will realize how stupid you are.",
Alibaba releases AI model it says surpasses DeepSeek,Recovering 80% of the initial drop would be considered stabilising yes.,
Trump‚Äôs new head of DOT rips up US fuel efficiency regulations | Secretary Duffy claims polluting more will make cars cheaper.,"Ford never made the Transit Connect in the US or North America.  They were contemplating building the 3rd gen model in M√©xico, but never did and just ended selling them in North America.",
Alibaba releases AI model it says surpasses DeepSeek,Looking forward to Temu AI.,
OpenAI Claims DeepSeek Plagiarized. Its Plagiarism Machine.,Open source is the only sensible model for LLMs. Otherwise we're just reinventing the wheel constantly as this improves & advances so jackasses can get rich.,
"Chinese firms ‚Äòdistilling‚Äô US AI models to create rival products, warns OpenAI",5% less content at 80% less price... this has always been the Eastern way. And it works.,
Trump‚Äôs new head of DOT rips up US fuel efficiency regulations | Secretary Duffy claims polluting more will make cars cheaper.,"Ah that's cute that you think they're not going to really fuck up your democracy while they have its balls, taint and cock firmly in grasp.

They're gonna rip it right off and wear it like their little hat... expect more and more voter suppression to be legalized, and less and less safeguards to straight up vote manufacturing.

Then be surprised pikachu that they win the next election... and the next one after that.

You guys well and truly fucked up letting that treasonous criminal and all his cronies back into power... but then again, it probably would've taken a significant margin to overcome the voter machine rigging shit that you guys aren't even blinking at.",
Trump‚Äôs new head of DOT rips up US fuel efficiency regulations | Secretary Duffy claims polluting more will make cars cheaper.,"Diesel-Sexual.¬† I love it.¬† Pairs nicely with emotional-support trucks, or gender affirming vehicles.",
Headed for technofascism‚Äô: the rightwing roots of Silicon Valley,"Ah ok, so ""left wing"" has a specific definition, and that means ""right wing"" is *everyone else that doesn't perfectly fit that definition.* You're in, or you're *out*.

That explains the goddamn mess we're in right now, because Harris and Trump look identical to you.",
Trump‚Äôs new head of DOT rips up US fuel efficiency regulations | Secretary Duffy claims polluting more will make cars cheaper.,How long until leaded gas comes back,
Alibaba releases AI model it says surpasses DeepSeek,"Sure, happy new year! Our government really appreciates the increased Chinese family offices  setting up here.",
"Chinese firms ‚Äòdistilling‚Äô US AI models to create rival products, warns OpenAI","The story may have started with copyright infringement, but it ended with a product that transcends OpenAI, even if China cared about intellectual property, it may not be that clear that the current evolution is itself infringing",
Alibaba releases AI model it says surpasses DeepSeek,"Yes the required financial data. Not full reports on absolutely everything in the company and non employee board member that only reports to the government. If you are goning to use good old whataboutism,  atleast do it right",
Alibaba releases AI model it says surpasses DeepSeek,If they had it already developed then why didn‚Äôt they release it before. Or have they just hacked DerpSeek.,
"ChatGPT‚Äôs mobile users are 85% male, report says",I would imagine that to be 95% even.,
OpenAI Furious DeepSeek Might Have Stolen All the Data OpenAI Stole From Us,How did you get your data Sam? HOW DID YOU GET YOUR DATA SAM!?!?!?,
Trump‚Äôs new head of DOT rips up US fuel efficiency regulations | Secretary Duffy claims polluting more will make cars cheaper.,"It seems like majority of people do not know that the reason cars are way too big in america is their completly broken fuel efficency regulations basicly putting small vehilces at a huge disadvantage. Removal of that bullshit has been due for 10 years. its on of the textbook examples on when regulations are just bad and backfire. (they are not bad in general, but they can be)",
"Chinese firms ‚Äòdistilling‚Äô US AI models to create rival products, warns OpenAI",Isn‚Äôt is Dodgson?,
Alibaba releases AI model it says surpasses DeepSeek,We already have a temu president,
"ChatGPT‚Äôs mobile users are 85% male, report says",I work a trade. ChatGPT can explain better than a thirty year old engrish language maintenance manual what parameters do on some of the machines I work on.,
"Chinese firms ‚Äòdistilling‚Äô US AI models to create rival products, warns OpenAI","Distilled or not. Its still open source. No matter what one you use, you are still giving your info to them.",
Trump‚Äôs new head of DOT rips up US fuel efficiency regulations | Secretary Duffy claims polluting more will make cars cheaper.,"They do not care about the people of the here and now or the actual future. They only care about profit here and now, then heaven in the future.",
"ChatGPT‚Äôs mobile users are 85% male, report says",Why wouldn't they?  This is pretty much the most basic of user data you can get.,
"ChatGPT‚Äôs mobile users are 85% male, report says",100% sexless actually,
OpenAI Claims DeepSeek Plagiarized. Its Plagiarism Machine.,"Oh, how cute considering how much content they stole. They must be really terrified",
Trump‚Äôs new head of DOT rips up US fuel efficiency regulations | Secretary Duffy claims polluting more will make cars cheaper.,"Even if we ignore the environment for a moment, why wouldn‚Äôt we want more fuel efficient vehicles? I drive a hybrid Camry. It has 240hp which is easily enough for anything I‚Äôm going to do with a Camry, and I still get around 50mpg. I only have to get gas once every two weeks, which is pretty great. Better fuel efficiency literally puts money back in my pocket.",
"ChatGPT‚Äôs mobile users are 85% male, report says",Don't tell the Trump administration. We're 100% male if he starts snooping around.,
"Chinese firms ‚Äòdistilling‚Äô US AI models to create rival products, warns OpenAI",Open source community has repossessed it‚Äôs IP ;),
Trump‚Äôs new head of DOT rips up US fuel efficiency regulations | Secretary Duffy claims polluting more will make cars cheaper.,"Auto manufacturers only need to meet California standards for vehicles sold in California, and the federal government doesn‚Äôt control the California Air Resources Board. 

However, California is a big enough market on its own *and* tooling your factories to make multiple variants due to emissions is often more expensive than just selling the one version that‚Äôs 50-state compliant. 

New York and a few others have also enacted state level emissions regulations that are already stricter than the federal government, too. And California‚Äôs standards have been stricter than the federal government for a *long* time already.",
Trump‚Äôs new head of DOT rips up US fuel efficiency regulations | Secretary Duffy claims polluting more will make cars cheaper.,"All this does is transfer money back to the wealthy at the expense of the world - things will be cheaper to make, not to buy.",
Alibaba releases AI model it says surpasses DeepSeek,Aldi AI will rule them all.,
ASML CEO sees low-cost AI models like DeepSeek driving more demand,"open source has always been communist in nature

isnt that what bill gates was complaining about?",
OpenAI Claims DeepSeek Plagiarized. Its Plagiarism Machine.,Industry always does. Power always does.,
The real DeepSeek revelation: The market doesn‚Äôt understand AI,"Not even in the industry, just basic understanding of the industry/ Ai",
AT&T CEO warns more DeepSeek shocks will hit U.S. tech markets,"That business is asking this Temu-brand Bob Odenkirk for insight on a topic the wildly exploitative corporation he runs doesn't even develop, is pretty damning.


Has fortune/Forbes considered interviewing actual engineers for opinions on the tech landscape?",
OpenAI Claims DeepSeek Plagiarized. Its Plagiarism Machine.,"People who aren't copyright lawyers can know plenty about copyright law. Doctorow is a prominent figure in the free-culture movement. That movement takes copyright *very* seriously; I participate in it via Wikipedia, where the exact bounds of copyright and fair use *matter* because we can only use material that's public domain (not protected by copyright), under a free-content license, or that's fair use in context. [Wikipedia:Non-free content](https://en.wikipedia.org/wiki/Wikipedia:Non-free_content) is perhaps good reading.

More broadly, read what Doctorow says carefully, because he provides a *variety* of *practical examples* of other sorts of use of copyrighted works that are *clearly* reasonable but that would almost certainly be copyright infringement if we apply the same assumptions that are applied to call model-training infringing. Importantly, Doctorow doesn't *like* AI; the focus here is on holding copyright law to its logical limitations and exceptions as established. I also particularly like Doctorow's thoughtful discussion of AI and copyright in the context of creative labour markets.",
Alibaba releases AI model it says surpasses DeepSeek,There's always a bigger fish,
"ChatGPT‚Äôs mobile users are 85% male, report says",How dare chatgpt assume gender based on the sounds your vocal chords make ü§£ü§£,
Trump‚Äôs new head of DOT rips up US fuel efficiency regulations | Secretary Duffy claims polluting more will make cars cheaper.,"just puts US made vehicles behind the rest of the world, and if they were hoping to maybe export some... they'll still have to meet other emissions regulations or be banned from import to those countries. 


so it's not going to save money in the long run, it just further cripples US industry on a global stage.",
Alibaba releases AI model it says surpasses DeepSeek,"I will be more advanced than Alibaba, DeepSeek and chatGPT, If you don‚Äôt feed, clean, and entertain it constantly, it will get sick or even die.

The constant beeping, phone notifications for attention will also get annoying, especially at inconvenient times the AI will learn from your daily routine.",
"Chinese firms ‚Äòdistilling‚Äô US AI models to create rival products, warns OpenAI",And then make it open source and write a super transparent white paper on how they did it right?,
"ChatGPT‚Äôs mobile users are 85% male, report says","I mean google is literally ai too. So not sure why it‚Äôs better to ask her to you google. In my experience at least ChatGPT is better than google but I have paid version. 

Maybe get her paid version",
Alibaba releases AI model it says surpasses DeepSeek,"Hey Temu. I‚Äôm looking for some underpants.

Temu AI: I can definitely recommend some. How about some silk-lined Mink undergarments with 24k gold trim? They are only 35 cents USD!",
OpenAI Claims DeepSeek Plagiarized. Its Plagiarism Machine.,Correct. It‚Äôs the old ‚Äúbetter off in my pocket than yours‚Äù world view.,
Trump‚Äôs new head of DOT rips up US fuel efficiency regulations | Secretary Duffy claims polluting more will make cars cheaper.,Does Trump realize that vehicles have to meet more than just our standards...I mean if they want to sell the vehicle anywhere else in the world.,
OpenAI Claims DeepSeek Plagiarized. Its Plagiarism Machine.,Techno-racism.,
"Chinese firms ‚Äòdistilling‚Äô US AI models to create rival products, warns OpenAI","‚ÄúOh this isn‚Äôt a case of a scrappy start up. This is state funded research‚Ä¶‚Äù DS‚Äôs parent, High Flyers, is a *private* quant hedge fund.",
"Chinese firms ‚Äòdistilling‚Äô US AI models to create rival products, warns OpenAI",This is how everything is improved on. Every rival does this to each other in a variety of sectors. It‚Äôs how the field grows/expands.,
OpenAI Claims DeepSeek Plagiarized. Its Plagiarism Machine.,So? deepseek didnt copy OpenAi's source code and microsoft isn't alleging that. So it's not plagiarism either way. Why do people like you who have no idea about ML and code always want to weigh in.,
Alibaba releases AI model it says surpasses DeepSeek,Great Value AI when?,
Trump‚Äôs new head of DOT rips up US fuel efficiency regulations | Secretary Duffy claims polluting more will make cars cheaper.,I don't have the brain capacity to understand how someone could have met that man and lived with him for months and not have their heart changed for the better.,
OpenAI Claims DeepSeek Plagiarized. Its Plagiarism Machine.,"Lol, didn‚Äôt OpenAI plagiarize the entire internet.",
Trump‚Äôs new head of DOT rips up US fuel efficiency regulations | Secretary Duffy claims polluting more will make cars cheaper.,"While you're at it, put lead back in too.


Make yourselves even more dumber.",
"ChatGPT‚Äôs mobile users are 85% male, report says","Yeah, my dad who works at Apple had to take a pic of his genitals with his face in the frame to prove his gender",
AI research team claims to reproduce DeepSeek core technologies for $30,Just like DeepSeek,
AT&T CEO warns more DeepSeek shocks will hit U.S. tech markets,This guy runs a phone company.  Who cares what he thinks about the technology industry?,
Trump‚Äôs new head of DOT rips up US fuel efficiency regulations | Secretary Duffy claims polluting more will make cars cheaper.,One would have to have a first thought for there to be a second.,
"Chinese firms ‚Äòdistilling‚Äô US AI models to create rival products, warns OpenAI",That's not how you spell Sam Altman,
Trump‚Äôs new head of DOT rips up US fuel efficiency regulations | Secretary Duffy claims polluting more will make cars cheaper.,Conservatives have long been the heavy ball tied to our ankles as we proceeded towards innovation. In the long past it was just a justifiable matter of fiscal responsibility but it‚Äôs well beyond that now.,
Trump‚Äôs new head of DOT rips up US fuel efficiency regulations | Secretary Duffy claims polluting more will make cars cheaper.,I mean they will do what dodge and Chevy used to do. ‚ÄúThis vehicle cannot be sold in California‚Äù,
Trump‚Äôs new head of DOT rips up US fuel efficiency regulations | Secretary Duffy claims polluting more will make cars cheaper.,"What's that sound, is it the sound of the US car manufacturing being banned in other countries because they have emission standards. Almost like doing this saves us some amount of money now but actually fucka down the line when the current administration isn't in charge.",
OpenAI Furious DeepSeek Might Have Stolen All the Data OpenAI Stole From Us,who did he steal from. clearly it wasnt his content that he trained the model on. and he provides no proof that the data used was open source only. so he can screw off,
Trump‚Äôs new head of DOT rips up US fuel efficiency regulations | Secretary Duffy claims polluting more will make cars cheaper.,"Here's the neat part: IF the cars get cheaper, the price tag on the lot will stay the same!",
"ChatGPT‚Äôs mobile users are 85% male, report says",Wow. What‚Äôs with extreme sexism?,
OpenAI Claims DeepSeek Plagiarized. Its Plagiarism Machine.,This is correct,
Alibaba releases AI model it says surpasses DeepSeek,"If they make them all open source like DeepSeek, then the claims could be verified.",
Alibaba releases AI model it says surpasses DeepSeek,"I did not have ""China please make electric cars to crash Tesla / make AI to crash OpenAI / satellites to crash Starlink"" on my bingo card...",
AT&T CEO warns more DeepSeek shocks will hit U.S. tech markets,I‚Äôm just gonna say some shit and hope it sticks,
Trump‚Äôs new head of DOT rips up US fuel efficiency regulations | Secretary Duffy claims polluting more will make cars cheaper.,"Those words were not from his actual test, those were the people and things directly in front of him during that interview.",
OpenAI Claims DeepSeek Plagiarized. Its Plagiarism Machine.,I finally understood the scene where Yoda gets so tired of hearing Sam crying he just dies.,
Trump‚Äôs new head of DOT rips up US fuel efficiency regulations | Secretary Duffy claims polluting more will make cars cheaper.,"This is terrorism. 

They're actually trying to kill the planet.",
Alibaba releases AI model it says surpasses DeepSeek,I remember reading how the Chinese government has been trying to make their industry use locally sourced chips for years. But it was hard to convince them to do that because foreign chips were so much better. The sanctions were what they needed to have enough demand to kickstart their chip foundries.,
Trump‚Äôs new head of DOT rips up US fuel efficiency regulations | Secretary Duffy claims polluting more will make cars cheaper.,Or first thought. They just follow their instructions.,
"Vatican says AI has 'shadow of evil,' calls for close oversight","They should focus on this ""shadow"" where children are located in their own churches.",
"ChatGPT‚Äôs mobile users are 85% male, report says","I didn't tell it what my gender was, did it assume it based on my search history.",
OpenAI Claims DeepSeek Plagiarized. Its Plagiarism Machine.,Coal power station chimney calling the kettle black maybe. Pot is very kind.,
Alibaba releases AI model it says surpasses DeepSeek,It literally doesn't,
Alibaba releases AI model it says surpasses DeepSeek,"Broadcom is the shadiest tech company in the world, I hope they crash and burn.",
OpenAI Claims DeepSeek Plagiarized. Its Plagiarism Machine.,"""It was ok for us to do it, but it's a huge problem when they are doing it""

Sam Altman can go stick a finger up his crack.",
OpenAI Furious DeepSeek Might Have Stolen All the Data OpenAI Stole From Us,"Sure. But if you have any mechanisms to make profit, the ones whose works were taken for training should be compensated properly or asked for permission.",
Return of supersonic travel moves closer as privately developed aircraft breaks the sound barrier | A world first,Right? Wasn't the Condor already a hypersonic civilian passenger plane?,
OpenAI Claims DeepSeek Plagiarized. Its Plagiarism Machine.,"Bruh lol‚Ä¶

ITS ALL PLAGIARISM",
Alibaba releases AI model it says surpasses DeepSeek,Anyone else detecting a trend here?,
Alibaba releases AI model it says surpasses DeepSeek,Wow nice. Thanks. LOL,
OpenAI Claims DeepSeek Plagiarized. Its Plagiarism Machine.,No honor amongst thieves,
Trump‚Äôs new head of DOT rips up US fuel efficiency regulations | Secretary Duffy claims polluting more will make cars cheaper.,"I'm worried about my health, there is more than just carbon going into the air from vehicles, there are a lot of extremely harmful compounds that are removed by the emissions system or reduced. Look forward to increases in respiratory issues and cancer. Glad to be Canadian right now because we wouldn't put up with it.",
"ChatGPT‚Äôs mobile users are 85% male, report says",Lotta guys telling on themselves in this comment section,
Trump‚Äôs new head of DOT rips up US fuel efficiency regulations | Secretary Duffy claims polluting more will make cars cheaper.,North Korea is gonna be our future...,
Streaming prices climb in 2025 after already surpassing inflation rates | Five services started charging more in January.,"
AMC+: increased the subscription fee for its monthly ad plan **by $2**, to $7. The monthly fee for AMC+‚Äôs ad-free subscription **increased $1**, to $10, and its annual ad-free subscription **increased $8**, to $96.

Discovery+: The service‚Äôs ad-free and ad-supported monthly plans each **increased by $1**, bringing the former to $6 and the latter to $10 for new customers. Old subscribers will start paying the new prices on or after February 7.

Furbo: Prices for all of Fubo‚Äôs English-language streaming subscriptions **increased by $5 per month**, The Streamable reported on Friday. That makes the live sports streaming platform‚Äôs cheapest plan $85 and its most expensive $95.


Netflix: Last week, Netflix raised subscription prices by as much as 16 percent, depending on the plan. The new monthly prices took effect immediately and sent the cheapest ad-free plan (Standard) from **$15.50 to $18**, the Premium ad-free tier from **$23 to $25**, and the Standard With Ads plans from **$7 to $8**. 

Sling TV: Sling TV also started charging $6 extra per month for all of its plans. That change technically started on December 20, 2024, but many customers will pay the new rate for the first time this month.

YouTube TV:  On January 13, YouTube TV subscribers started paying higher rates, which Google announced in December. The pricing scheme increases the monthly fee for the basic plan by **$10 (13.7 percent)** to $83.

**TL;DR**  
* AMC+ - increased by $1-$9  
* Discovery+ - increased by $1
* Furbo - increased by $5
* Netflix - increased by $1-$2.50
* Sling TV - increased by $6
* YouTube TV - increased by $10",
OpenAI Claims DeepSeek Plagiarized. Its Plagiarism Machine.,Can‚Äôt even use the app without an invite code.,
Trump‚Äôs new head of DOT rips up US fuel efficiency regulations | Secretary Duffy claims polluting more will make cars cheaper.,"This is nuts and stupid. 

""In his memo, Duffy repeats the Trump administration's messaging, claiming that making the nation's vehicles pollute more is necessary to ""remove regulatory barriers to motor vehicle access,"" and that doing so will create ""a level regulatory playing field for consumer choice.""",
Alibaba releases AI model it says surpasses DeepSeek,or just throwing good money after bad it‚Äôs a bubble let it burst,
OpenAI Furious DeepSeek Might Have Stolen All the Data OpenAI Stole From Us,Cry about it.,
"ChatGPT‚Äôs mobile users are 85% male, report says",People wanna say that Trump is misogynistic but he already has like six women in high positions in his cabinet,
OpenAI Claims DeepSeek Plagiarized. Its Plagiarism Machine.,"So, do they claim that they own the output of chat gpt?

If so, anything you create on chat, gpt, belongs to open AI and not you. I'm sure that will have people jumping to use yoir creation platform.",
Alibaba releases AI model it says surpasses DeepSeek,"Yeah‚Ä¶ doesn‚Äôt help that Europe has basically moved most of its factories over seas like china for example. Our car production is up in infrastructure is kinda whatever.

And as you said we are heavily lagging behind on technology with basically no plans to make it better. Also most companies going to us or china because lack of funding and high taxes.",
OpenAI Claims DeepSeek Plagiarized. Its Plagiarism Machine.,"[""The messers has become the messees""](https://www.youtube.com/watch?v=cXxyb514_Pc)",
"Microsoft stifling competition in cloud services market, finds UK regulator","The UK antitrust regulator has singled out Microsoft for using its dominance in software to stifle rivals in the ¬£9bn UK cloud services market, as the watchdog warned competition ‚Äúis not working‚Äù.

An independent panel acting for the Competition and Markets Authority said on Tuesday that a lack of competition in cloud services was ‚Äúlikely to be leading to higher costs, less choice, less innovation and lower quality of service for businesses and organisations‚Äù.

‚ÄúMicrosoft is using its strong position in software to make it harder for Amazon Web Services and Google to compete effectively for cloud customers that wish to use Microsoft software on the cloud,‚Äù the panel said in its provisional decision.

It also recommended the CMA use its new powers under the digital markets regime to decide whether Amazon and Microsoft should receive ‚Äústrategic market status‚Äù as a result of their influence in the area.

Under new legislation, which came into force this month, the UK regulator can designate a small group of companies as having such status and impose certain conduct requirements to try to increase competition.

The decision comes as the CMA is under intense pressure from the government to show it is promoting growth, as Labour attempts to increase business investment in the UK. In an unexpected move last week, CMA chair Marcus Bokkerink was ousted by business secretary Jonathan Reynolds and replaced with former Amazon UK head Doug Gurr.

Writing in the Financial Times on Tuesday, Gurr said the agency would look to speed up its investigations to try to unlock greater investment in the country and bring in greater sector expertise so that businesses did not have to waste time educating the regulator about the industry.

The cloud services investigation has been continuing in various forms for more than two years. Ofcom opened a market study in October 2022 and published an interim report before referring it to the CMA a year later.

The CMA inquiry group said a general lack of competition was interfering with customers‚Äô ability ‚Äúto switch cloud provider or use multiple clouds, which may ultimately impact the price and quality of cloud services‚Äù.

Amazon and Microsoft are the two largest providers of cloud services, each with a share of up to 40 per cent of UK customer spend, followed by Google.

Rima Alaily, Microsoft‚Äôs deputy general counsel and head of its competition law group, said in a statement that the report ‚Äúshould be focused on paving the way for the UK‚Äôs AI-powered future, not fixating on legacy products launched in the last century‚Äù.

‚ÄúThe cloud computing market has never been so dynamic and competitive, attracting billions in investments, new entrants and rapid innovation. What could be better for UK businesses and government?‚Äù added Alaily. 

Amazon Web Services said the CMA‚Äôs proposed intervention was ‚Äúnot warranted‚Äù and urged the agency to ‚Äúcarefully consider how regulatory intervention in other areas will stifle innovation and ultimately harm customers in the UK‚Äù.

‚ÄúThe evidence demonstrates the IT services industry is highly competitive,‚Äù AWS said. ‚ÄúCloud computing has lowered costs for UK businesses with on-demand services and pay-as-you-go pricing, expanded product choice, and increased competition and innovation.‚Äù

Chris Lindsay, Google Cloud‚Äôs vice-president for customer engineering in Europe, the Middle East and Africa, said: ‚ÄúRestrictive licensing harms UK cloud customers, threatens economic progress and stifles innovation, and we are encouraged that the CMA has recognised the harm of these practices.‚Äù

The CMA must publish a final decision by August 4.",
"Chinese firms ‚Äòdistilling‚Äô US AI models to create rival products, warns OpenAI",Just like how all the AI companies ‚Äúdistilled‚Äù all the art and writing of thousands of creators without crediting or paying them. Fuck em,
"ChatGPT‚Äôs mobile users are 85% male, report says","Just say I won‚Äôt read the sources because she‚Äôs a woman, just lead with that. You can easily find all studies she cites in the back of the book. Try putting down your bias for a day.

I‚Äôm sure you‚Äôd be surprised to find that she agrees with Sapolsky in many things‚Ä¶try actually reading.  It since you‚Äôve fallen into the trap of ‚Äúus v them‚Äù I doubt you will learn much",
Alibaba releases AI model it says surpasses DeepSeek,This is Reddit people don‚Äôt read articles.,
"Chinese firms ‚Äòdistilling‚Äô US AI models to create rival products, warns OpenAI",AI has now jumped the shark. I'm out.,
"ChatGPT‚Äôs mobile users are 85% male, report says","I‚Äôd highly suggest you check it out. It‚Äôs more embarrassing not to use it at this point. It‚Äôs extremely useful as a tutor or teacher. Or as a colleague to bounce ideas off of. It‚Äôs not always right, but it really helps you with organizing your own ideas, learning math and science concepts, or even dealing with scenarios in your personal life. As long as you keep in mind it‚Äôs a tool which can be wrong, it‚Äôs extremely useful.",
Trump‚Äôs new head of DOT rips up US fuel efficiency regulations | Secretary Duffy claims polluting more will make cars cheaper.,"The CEO at the time, Roberto Goizueta, spoke to my college.  When asked if this was a strategy, his response was, ""I'm not that smart, and I'm not that stupid.""",
OpenAI Claims DeepSeek Plagiarized. Its Plagiarism Machine.,"It‚Äôs not fair when ‚Äúthey‚Äù do it! -Sam Altman, probably",
"ChatGPT‚Äôs mobile users are 85% male, report says",ChatGPT was trained on the same data Google indexes. It basically is a fancy search engine that doesn‚Äôt cite it‚Äôs sources.,
"DeepSeek's chatbot achieves 17% accuracy, trails Western rivals in NewsGuard audit","I feel like pointing out that it‚Äôs 38%, not 48, does neither you nor ChatGPT any favors.",
AI research team claims to reproduce DeepSeek core technologies for $30,Techs been called a bubble for years now and it's about time we have a dot com level of pop,
"Chinese firms ‚Äòdistilling‚Äô US AI models to create rival products, warns OpenAI","People excelled by using the inventions of the person before. Ai is getting trained by shittier Ai and the shittier Ai needs refining.

Are we pissed cuz a second person gets to use the wheel?",
"ChatGPT‚Äôs mobile users are 85% male, report says","""Pushed"" is really exaggerating. Men are more interested in technology by far, that is the reason they dominate those fields in the first place. You don't have to push boys to feel the need to look under the hood to understand how a motor works. Also you don't have to push girls to be more interested in pr, marketing, journalism. The idea that sociocultural environment fully shapes our area of interest is absurdly naive. Are there differences and exceptions? Yes. Can you draw the clear correlation? Also yes.",
"Chinese firms ‚Äòdistilling‚Äô US AI models to create rival products, warns OpenAI",Aaaand here comes the propoganda to tell us why China didn't actually decimate US AI at a fraction of the cost.,
Alibaba releases AI model it says surpasses DeepSeek,What did I say wasn't true?,
AI haters build tarpits to trap and trick AI scrapers that ignore robots.txt | Attackers explain how an anti-spam defense became an AI weapon,"AI scrapers getting stuck in digital quicksand?  Somewhere, a Roomba is reading this and shaking its dustbin in disapproval.",
Trump‚Äôs new head of DOT rips up US fuel efficiency regulations | Secretary Duffy claims polluting more will make cars cheaper.,"Yes cars will be cheaper to buy today.  However, the overall societal cost will be much higher in the long run.

But those costs will be paid mostly by others in the future as we privatize profits and socialize losses.  It's basically a continuing trend of having a higher standard of living today being paid for by future generations.  Gee, our descendants are so generous!  /s",
Trump‚Äôs new head of DOT rips up US fuel efficiency regulations | Secretary Duffy claims polluting more will make cars cheaper.,"Welp, we had a good run on automotive technology.",
Alibaba releases AI model it says surpasses DeepSeek,To be fair Saudi Arabia has a decent research sector. I‚Äôm a freelance data scientist and get a good handful of clients there.,
Alibaba releases AI model it says surpasses DeepSeek,They‚Äôre largely back down to where they were in October /November. I tviught the November bump was due to the ARM licence suit and they‚Äôve just returned to baseline ?,
OpenAI Claims DeepSeek Plagiarized. Its Plagiarism Machine.,Sooo... they're saying that DeepSeek made their code 95% more efficient...?,
OpenAI Claims DeepSeek Plagiarized. Its Plagiarism Machine.,It seems more like a journalist relating statements by a third party who had heard rumours that the pot was unhappy about the kettle.,
"Chinese firms ‚Äòdistilling‚Äô US AI models to create rival products, warns OpenAI","If you have low costs, you don't care to have revenues or guard your patent",
"Chinese firms ‚Äòdistilling‚Äô US AI models to create rival products, warns OpenAI","Dobson, Dobson, we got Dobson here....",
"Chinese firms ‚Äòdistilling‚Äô US AI models to create rival products, warns OpenAI","Distilling isn't even copyright infringement, though. It's just an OpenAI TOS violation. Deepseek can easily get around that, too, by using OpenAI's model through a third party without ever agreeing to the TOS.",
Alibaba releases AI model it says surpasses DeepSeek,That's Grok,
Streaming prices climb in 2025 after already surpassing inflation rates | Five services started charging more in January.,"I was perfectly happy paying a few services a reasonable amount per month, especially the netflix family plan for myself, my mom and sister and a friend. Then netflix blocked account sharing and instead of 30-40‚Ç¨ per month on various services I now spend a fraction on a Firestick and some piracy streaming services. 

So far the only, and I seriously mean the *only* side effect is that we have too much to watch and will fight about what we're watching tonight.",
OpenAI Furious DeepSeek Might Have Stolen All the Data OpenAI Stole From Us,"if I successfully scammed my way into countless lifetimes worth of money without issue decades before retirement age and could spent the rest of my finite life doing anything I could ever want, I don't think I could muster the motivation to publicly whine about somebody plagiarizing my plagiarism machine. these goobers can't find any hobbies aside from having diaper tantrums about who gets to brick the planet for sport/profit?",
Researchers detect all building blocks of DNA and RNA in samples returned from asteroid Bennu,well hot shit......is this legit evidence for panspermia?,
Trump‚Äôs new head of DOT rips up US fuel efficiency regulations | Secretary Duffy claims polluting more will make cars cheaper.,I was living in NYC at the time and my wife and I biked through Times Square with no traffic and clean air. it was so cool.,
"ChatGPT‚Äôs mobile users are 85% male, report says",It‚Äôs a joke about being rejected as a guy.,
Alibaba releases AI model it says surpasses DeepSeek,Certified lover? Certified AIs.,
Trump‚Äôs new head of DOT rips up US fuel efficiency regulations | Secretary Duffy claims polluting more will make cars cheaper.,I‚Äôd hoped to keep the comedy of errors going a little longer but this laugh was worth it.,
OpenAI Furious DeepSeek Might Have Stolen All the Data OpenAI Stole From Us,"Dude, really? Most people don‚Äôt have the hardware to run it, and they need to pay DeepSeek for it. Open source is just an PR move and it works flawlessly for them.",
Trump‚Äôs new head of DOT rips up US fuel efficiency regulations | Secretary Duffy claims polluting more will make cars cheaper.,Gas is cheap in America compared to most of the rest of the world.  Anyone who values fuel efficiency over environmental AND human health is moron.,
"ChatGPT‚Äôs mobile users are 85% male, report says","The punchline being ""*women*, AMIRITE!?*.

I figured as much.",
OpenAI Claims DeepSeek Plagiarized. Its Plagiarism Machine.,Takes one to know one.,
Trump‚Äôs new head of DOT rips up US fuel efficiency regulations | Secretary Duffy claims polluting more will make cars cheaper.,The U.S administration is absolutely hell-bent on walking backwards into the stone age and taking the rest of the world with it.,
"ChatGPT‚Äôs mobile users are 85% male, report says",Proof that moids are 85% more stupid than women,
"ChatGPT‚Äôs mobile users are 85% male, report says","This. AI is designed to kill jobs, period‚Äîand as a fun byproduct it‚Äôs also weakening our social fabric, destroying the environment, and flooding the internet with slop. The rich get richer, that‚Äôs the law the of the land.",
OpenAI Furious DeepSeek Might Have Stolen All the Data OpenAI Stole From Us,"This. I normally don't applaud mainland tech Chinese companies, many of whom are often funded and partially directed by the CCP.. But when it comes to someone as slimy and deceptive as Sam Altman, go for it. Steal anything and everything from those crooks and beat the ever living shit out of them.",
"Chinese firms ‚Äòdistilling‚Äô US AI models to create rival products, warns OpenAI","At home: quantization

At work: we have the hardware",
Trump‚Äôs new head of DOT rips up US fuel efficiency regulations | Secretary Duffy claims polluting more will make cars cheaper.,"So for those keeping track at home: 

One person wants to control their body, states rights rule. 

The state wants to help prevent millions of people from the effects of climate change, no states rights.",
"California‚Äôs AG Tells AI Companies Practically Everything They‚Äôre Doing Might Be Illegal | According to a recent legal memo, Silicon Valley's hottest business may be entirely based around criminal activity.",It doesn‚Äôt violate copyright to analyze a work.,
Alibaba releases AI model it says surpasses DeepSeek,"I feel like China's going to do a staggered release of ""this one's better than the last"" so they can tank tech stocks.",
"California‚Äôs AG Tells AI Companies Practically Everything They‚Äôre Doing Might Be Illegal | According to a recent legal memo, Silicon Valley's hottest business may be entirely based around criminal activity.","On the one hand we have a small flock of chickens.

On the other i'm worried about my birds.",
"ChatGPT‚Äôs mobile users are 85% male, report says","Oh boy here we go, SMH. I was referring to the original post and my own personal experience. Women can and do work in the trades.",
Trump‚Äôs new head of DOT rips up US fuel efficiency regulations | Secretary Duffy claims polluting more will make cars cheaper.,So fucking short-sighted.,
"ChatGPT‚Äôs mobile users are 85% male, report says",What‚Äôs the new verb then? AI it? Chat GPT it? Just say look it up? Googling isn‚Äôt a word that‚Äôs going to disappear any time soon,
"Chinese firms ‚Äòdistilling‚Äô US AI models to create rival products, warns OpenAI","People that stole a bunch of content to train their models, warns that others might do the same thing.",
OpenAI Furious DeepSeek Might Have Stolen All the Data OpenAI Stole From Us,"The open source monster is already out of the bag, nothing doing about it now, or does the government need yet another lesson in how prohibition doesn‚Äôt work for Americans",
Alibaba releases AI model it says surpasses DeepSeek,">The context the above comments speak to though, is how regressive socially

Because China absolutely isn't an authoritarian state (what you call regressive socially).",
Trump‚Äôs new head of DOT rips up US fuel efficiency regulations | Secretary Duffy claims polluting more will make cars cheaper.,Such an old mindset to think that everyone only cares about pricing.,
OpenAI Furious DeepSeek Might Have Stolen All the Data OpenAI Stole From Us,"More like it‚Äôs okey to make a movie about Snow White, but it‚Äôs not okey to copy Disney‚Äôs Snow White which is their unique take on the character.",
OpenAI Claims DeepSeek Plagiarized. Its Plagiarism Machine.,"It's only bad when China, or movie/TV pirates do it.",
Alibaba releases AI model it says surpasses DeepSeek,Then how is russia beating all the asses in the Ukraine that include europe and usa ?,
OpenAI Claims DeepSeek Plagiarized. Its Plagiarism Machine.,Plagiarismception,
Facebook was blocking Distrowatch,Cause Zuck and Gates are secret lovers. üíï,
OpenAI Claims DeepSeek Plagiarized. Its Plagiarism Machine.,Oh no. Anyway...,
"ChatGPT‚Äôs mobile users are 85% male, report says","Because no one gives a shit about men. The double standards are rife. You can say negative things about men all day long. But the second you say something negative about women, well then the pearl clutching starts. How about we stop hating on groups of people based on things they have no control over.",
OpenAI Claims DeepSeek Plagiarized. Its Plagiarism Machine.,DeepSeek impact is insane üê≥ü•Ç,
"Chinese firms ‚Äòdistilling‚Äô US AI models to create rival products, warns OpenAI","Umm, no. It‚Äôs not innovative to copy someone else‚Äôs homework because it means you can‚Äôt improve upon it since you‚Äôre entirely reliant on their dataset - and in this case specific pieces of it. 

That‚Äôs literally the opposite of innovation, which requires something new and ‚Äúinnovative‚Äù 

You sound like someone who doesn‚Äôt even understand the difference between training and inferencing.",
Alibaba releases AI model it says surpasses DeepSeek,Wish AI would be absolutely wild.,
"ChatGPT‚Äôs mobile users are 85% male, report says","Not so surprising. Probably 90% of their regular userbase is IT staff, which as we know is dominated by male.",
AT&T CEO warns more DeepSeek shocks will hit U.S. tech markets,"oh no, anyway",
AT&T CEO warns more DeepSeek shocks will hit U.S. tech markets,"It's almost like putting all of your eggs into one basket is a bad idea.

If only someone had warned us with some kind of colloquial phrase.",
OpenAI Furious DeepSeek Might Have Stolen All the Data OpenAI Stole From Us,"Yeah, like run Crysis on your calculator. It can, but is it usable?",
Alibaba releases AI model it says surpasses DeepSeek,begin the AI wars plz,
"ChatGPT‚Äôs mobile users are 85% male, report says",Hahaha. Why do sexist women respond to completely unrelated topics with abortion? What does that have to do with anything?,
"ChatGPT‚Äôs mobile users are 85% male, report says","Statistically, women are more inclined towards HR and similar roles. Asking ChatGPT who should be fired based on performance or even an offence probably isn't a good idea.",
The real DeepSeek revelation: The market doesn‚Äôt understand AI,"Correct. 

Even if people don't run it at home, efficiency gains cause more usage, not less.

It's called [Jevons paradox](https://en.wikipedia.org/wiki/Jevons_paradox).

>In economics, the Jevons paradox occurs when technological advancements make a resource more efficient to use (thereby reducing the amount needed for a single application); however, as the cost of using the resource drops, overall demand increases causing total resource consumption to rise.",
OpenAI Claims DeepSeek Plagiarized. Its Plagiarism Machine.,Ai companies don't just steal our copyrights; they turn around and charge us for the privilege.,
"Chinese firms ‚Äòdistilling‚Äô US AI models to create rival products, warns OpenAI",This would bother me if I thought for a moment that American tech billionaires were less troubled about fecklessly destroying American society than Chinese billionaires. Let them fight.¬†,
Trump‚Äôs new head of DOT rips up US fuel efficiency regulations | Secretary Duffy claims polluting more will make cars cheaper.,Put it in H!,
Streaming prices climb in 2025 after already surpassing inflation rates | Five services started charging more in January.,Yarr.. Ive had enough of their gouging,
"DeepSeek's chatbot achieves 17% accuracy, trails Western rivals in NewsGuard audit",lmao *NOW* We're putting percentages on accuracy!?,
Return of supersonic travel moves closer as privately developed aircraft breaks the sound barrier | A world first,So I take it Concorde was government funded?,
Trump‚Äôs new head of DOT rips up US fuel efficiency regulations | Secretary Duffy claims polluting more will make cars cheaper.,"Eh, unlikely - the one saving grace of our system is that the right of states to self-regulate some of this stuff *beyond* the federal government's standards is pretty well-guarded.¬† And no auto manufacturer is giving up the cash cow of California.",
OpenAI Claims DeepSeek Plagiarized. Its Plagiarism Machine.,"So OpenAI is mad that someone else might've ""borrowed"" their work the same way they built theirs? Kinda ironic. If they don‚Äôt have actual proof, this just sounds like sour grapes over losing market share",
Trump‚Äôs new head of DOT rips up US fuel efficiency regulations | Secretary Duffy claims polluting more will make cars cheaper.,"We could make cars cheaper by getting rid of all the bells and whistles. Give us cheap, fuel-efficient no-frills cars.",
AI research team claims to reproduce DeepSeek core technologies for $30,The ai bubble bust like dot com,
"ChatGPT‚Äôs mobile users are 85% male, report says",A female voice is usually more pleasant and calming to listen to. Using a female voice for announcements predates any mobile assistants.,
"ChatGPT‚Äôs mobile users are 85% male, report says",How am I going to survive the digital hellscape if I don‚Äôt turn factoids into pillars of support for my identity?,
"ChatGPT‚Äôs mobile users are 85% male, report says","100% of his cabinet is women, per executive order.",
Trump‚Äôs new head of DOT rips up US fuel efficiency regulations | Secretary Duffy claims polluting more will make cars cheaper.,">  not be able to sell it in CA

They absolutely already do this. More often than you think.

And it's not just cars, its also motorcycles.

A good example is the CA/CARB version of Harley vs the rest of the 49States version of the bike. the CA/CARB version has emissions hardware and different tunes and stuff like that to meet CARB.

The rest of the same model sold elsewhere/outside the EU will not have this hardware. Instead they have more aggressive tunes and simply do not install the emissions control(except the Cat converter). Despite this the bikes are still actually Euro5 compliant and are really clean engines.

This is not unique to HD and pretty much everyone does it because Cali's economy is so big and powerful and worth selling in.

There are literally millions of cars in the USA and bikes too, that could not be sold in California but can still be sold in Europe(euro5 compliant).",
Trump‚Äôs new head of DOT rips up US fuel efficiency regulations | Secretary Duffy claims polluting more will make cars cheaper.,*California grins as it puts its feet on the desk...*,
Alibaba releases AI model it says surpasses DeepSeek,"Tons of people played with it, which taught it a lot.  You know, kind of like your mom, but not quite that many people.",
"Chinese firms ‚Äòdistilling‚Äô US AI models to create rival products, warns OpenAI","Of course OpenAI would never scrape and use copyrighted information without permission and attribution and compensation. /s

What is that old saw about the pot calling the kettle black?",
Alibaba releases AI model it says surpasses DeepSeek,Ok? That has nothing to do with this thread though,
